id,query
1,Suggest a quick vegan breakfast recipe
2,I have chicken and rice. what can I cook?
3,Give me a dessert recipe with chocolate 
4,Give me a recipe for Chinese vegetables with garlic sauce
5,Give me a recipe for a gluten- and cocoa-free dessert
6,"What can I make with bread, rice, cheese, eggs, and peanut butter?"
7,Provide a recipe for peanut cheese bars
8,Quick weeknight meal
9,"Easy lunch to take to work, doesn't require heating"
10,Healthful recipe with under 30 minutes of prep time that will satisfy picky eaters
11,Beginner-friendly scones
12,Something tasty
13,Best breakfast food
